1;AgroParisTech;https://www.agroparistech.fr/;16 rue Claude Bernard, 75231 Paris Cedex 05
2;Institut National Polytechnique de Toulouse (INP-ENSAT);https://www.inp-toulouse.fr/fr/index.html;Avenue de l'Agrobiopôle, BP 32607 Auzeville Tolosane, 31326 Castanet Tolosan Cedex
3;Agrocampus Ouest;https://www.institut-agro-rennes-angers.fr/;65 Rue de Saint-Brieuc, CS 84215, 35042 Rennes Cedex
4;Montpellier SupAgro;https://www.supagro.fr/;2 Place Viala, 34060 Montpellier Cedex 2
5;Institut Agro - La Rochelle;https://www.institut-agro.fr/fr;1 cours des Dames, 17100 Saintes
6;École d'Ingénieurs de Purpan;https://www.purpan.fr/;75 Voie du TOEC, 31076 Toulouse Cedex 3
7;UniLaSalle Beauvais;https://www.unilasalle.fr/;19 Rue Pierre Waguet, BP 30313, 60026 Beauvais Cedex
8;ISARA Lyon;https://www.isara.fr/;23 Rue Jean Baldassini, 69364 Lyon Cedex 07
9;ESA Angers;https://www.groupe-esa.com/;55 Rue Rabelais, 49007 Angers Cedex 01
10;ENSAIA Nancy;https://www.ensaia.univ-lorraine.fr/;2 avenue de la forêt de Haye, 54505 Vandoeuvre-lès-Nancy Cedex
11;École Spéciale Militaire de Saint-Cyr (ESM Saint-Cyr);https://www.terre.defense.gouv.fr/amscc/mieux-nous-connaitre/lacademie-militaire-saint-cyr-coetquidan/ecole-speciale-militaire;56380 Guer
12;École de l'Air;https://www.ecole-air-espace.fr/;Chemin St Jean, 13300 Salon-de-Provence
13;École Navale;https://www.ecole-navale.fr/;BCRM BREST, Rue du Poulmic, 29160 Lanvéoc
14;École de Gendarmerie de Fontainebleau;https://www.gendarmerie.interieur.gouv.fr/cegn/les-ecoles-de-gendarmerie/ecoles-des-sous-officiers/fontainebleau;Rue de la Charité, 77210 Avon
15;École Militaire Interarmes (EMIA);https://www.emia-57.fr/;Av. Maréchal Foch, 56380 Guer
16;École de Guerre;https://ecoledeguerre.paris/;1 Pl. de l'École Militaire, 75007 Paris
17;École de Santé des Armées (ESA);https://www.emslb.defense.gouv.fr/;331 Av. Général de Gaulle, 69500 Bron
18;École Militaire de l'Infanterie (EMI);https://www.terre.defense.gouv.fr/emd/ecole-dinfanterie/formation-au-sein-lecole-dinfanterie;1580 Av. de la Grande Armée, 83300 Draguignan
19;École des Applications Militaires de l'Énergie Atomique (EAMEA);https://www.normandie-energies.com/membre/eamea-2/;1 rue du recteur Daure. CS 60040. 14006 Caen Cedex
20;Master Banque et Finance - Université Paris-Dauphine;https://dauphine.psl.eu/formations/masters/finance/m2-banque-et-finance;Place du Maréchal de Lattre de Tassigny, 75775 Paris Cedex 16, France
21;Master in Finance - ESCP Business School;https://escp.eu/;79 Avenue de la République, 75011 Paris, France
22;Master Finance et Marché de l'Art - IAE Paris - Sorbonne Business School;http://iae-paris.com/fr;21 Rue Broca, 75005 Paris, France
23;MSc in Banking and Finance - EMLYON Business School;https://em-lyon.com/;23 Avenue Guy de Collongue, 69134 Écully Cedex, France
24;MSc International Finance - HEC Paris;https://www.hec.edu/fr;1 Rue de la Libération, 78350 Jouy-en-Josas, France
25;Master in Finance - INSEAD;https://www.insead.edu/;Boulevard de Constance, 77305 Fontainebleau Cedex, France
26;Master Droit et Ingénierie Financière - Université Panthéon-Assas ;https://www.u-paris2.fr/fr;12 Place du Panthéon, 75231 Paris Cedex 05, France
27;MSc Corporate Financial Management - SKEMA Business School;https://www.skema.edu/;60 Rue Dostoïevski, 06560 Sophia Antipolis, France
28;Master Banque et Finance - Université Paris Nanterre;https://www.parisnanterre.fr/;200 Avenue de la République, 92001 Nanterre Cedex, France
29;MSc Finance - Grenoble Ecole de Management;https://www.grenoble-em.com/;12 Rue Pierre Sémard, 38000 Grenoble, France
30;ESCP Business School;https://www.escp.eu/;79 Avenue de la République, 75011 Paris
31;HEC Paris;https://www.hec.edu/;1 Rue de la Libération, 78350 Jouy-en-Josas
32;EM Lyon Business School;https://www.em-lyon.com/;23 Avenue Guy de Collongue, 69134 Écully
33;EDHEC Business School;https://www.edhec.edu/;24 Avenue Gustave Delory, 59100 Roubaix
34;NEOMA Business School;https://www.neoma-bs.com/;1 Rue du Maréchal Juin, 76130 Mont-Saint-Aignan
35;Grenoble Ecole de Management;https://www.grenoble-em.com/;12 Rue Pierre Sémard, 38000 Grenoble
36;KEDGE Business School;https://student.kedge.edu/;Domaine de Luminy, 13009 Marseille
37;Audencia Business School;https://www.audencia.com/;8 Route de la Jonelière, 44312 Nantes
38;Toulouse Business School;https://www.tbs-education.fr/ ;20 Boulevard Lascrosses, 31068 Toulouse
39;ICN Business School;https://www.icn-artem.com/ ;3 Rue de l'Arsenal, 54000 Nancy
40;École Nationale Supérieure d'Architecture de Paris-Belleville (ENSAPB);https://www.paris-belleville.archi.fr/ ;60 Boulevard de la Villette, 75019 Paris, France
41;École Nationale Supérieure d'Architecture de Lyon (ENSAL);https://www.lyon.archi.fr/ ;3 Rue Maurice Audin, 69120 Vaulx-en-Velin, France
42;École Nationale Supérieure d'Architecture de Marseille (ENSAM);https://www.marseille.archi.fr/ ;184 Avenue de Luminy, 13009 Marseille, France
43;École des Ponts ParisTech - Ingénieur du Corps des Ponts, des Eaux et des Forêts (ENPC);https://ecoledesponts.fr/ ;6-8 Avenue Blaise Pascal, Cité Descartes, 77455 Marne-la-Vallée Cedex 2, France
44;Institut National des Sciences Appliquées de Strasbourg (INSA Strasbourg) - Génie Civil;https://www.insa-strasbourg.fr/fr/genie-civil/ ;24 Boulevard de la Victoire, 67084 Strasbourg Cedex, France
45;École Nationale des Travaux Publics de l'État (ENTPE);https://www.entpe.fr/ ;3 Rue Maurice Audin, 69120 Vaulx-en-Velin, France
46;École Spéciale des Travaux Publics, du Bâtiment et de l'Industrie (ESTP Paris);https://www.estp.fr/ ;28 Avenue du Président Wilson, 94234 Cachan Cedex, France
47;École d'Architecture de la Ville & des Territoires Paris-Est (EAVT);https://paris-est.archi.fr/ ;12 Avenue Blaise Pascal, 77420 Champs-sur-Marne, France
48;École d'Architecture de Nantes (ENSA Nantes);https://www.nantes.archi.fr/ ;6 Quai François Mitterrand, 44200 Nantes, France
49;École Nationale Supérieure d'Architecture et de Paysage de Bordeaux (ENSAP Bordeaux);https://www.bordeaux.archi.fr/ ;740 Cours de la Libération, 33405 Talence Cedex, France
50;Université Panthéon-Assas - Centre Assas;https://www.u-paris2.fr/fr/universite/linstitution/implantations/centre-assas ;92 Rue d'Assas, 75006 Paris
51;Sciences Po Paris;https://www.sciencespo.fr/fr/ ;27 Rue Saint-Guillaume, 75007 Paris
52;Université Paris 1 Panthéon-Sorbonne - UFR 09 - Droit et Science Politique;https://formations.pantheonsorbonne.fr/fr/catalogue-des-formations/licence-L/licence-droit-KBT8CDAC/double-licence-droit-science-politique-KBT8LTQN.html ;12 Place du Panthéon, 75005 Paris
53;Université Paris 2 Panthéon-Assas - UFR Droit;https://www.u-paris2.fr/fr/formations/offre-de-formation/formations-en-droit ;12 Rue de l'École de Médecine, 75006 Paris
54;Université Paris Nanterre - UFR SSA;https://ufr-ssa.parisnanterre.fr/ ;200 Avenue de la République, 92001 Nanterre Cedex
55;Université de Strasbourg - Faculté de Droit, Sciences politiques et Gestion;https://droit.unistra.fr/ ;1 Place d'Athènes, 67045 Strasbourg
56;Université Toulouse 1 Capitole - Faculté de Droit et Science Politique;https://www.ut-capitole.fr/accueil/universite/composantes/faculte-de-droit-et-science-politique ;2 Rue du Doyen-Gabriel-Marty, 31042 Toulouse
57;Université Lyon 3 Jean Moulin - Faculté de Droit;https://facdedroit.univ-lyon3.fr/ ;15 Quai Claude Bernard, 69007 Lyon
58;Université Aix-Marseille - Faculté de Droit et de Science Politique;https://facdedroit.univ-amu.fr/ ;3 Avenue Robert Schuman, 13628 Aix-en-Provence
59;Université Lille - Faculté des Sciences Juridiques, Politiques et Sociales;https://droit.univ-lille.fr/ ;1 Place Déliot, 59000 Lille
60;CentraleSupélec - Électricité, Électronique, Robotique;https://www.centralesupelec.fr/ ;3 Rue Joliot-Curie, 91192 Gif-sur-Yvette Cedex, France
61;ENSEA - École Nationale Supérieure de l'Électronique et de ses Applications;http://www.ensea.fr/;6 Avenue du Ponceau, 95014 Cergy-Pontoise Cedex, France
62;INSA Lyon - Génie Électrique;https://www.insa-lyon.fr/ ;20 Avenue Albert Einstein, 69621 Villeurbanne Cedex, France
63;École Polytechnique - Département d'Électronique;https://www.polytechnique.edu/ ;Route de Saclay, 91128 Palaiseau Cedex, France
64;SUPÉLEC - Électricité, Électronique, Automatique;https://www.centralesupelec.fr/fr/masters  ;3 Rue Joliot-Curie, 91192 Gif-sur-Yvette Cedex, France
65;INP Toulouse - ENSEEIHT - Génie Électrique;https://www.inp-toulouse.fr/fr/index.html;2 Rue Charles Camichel, 31071 Toulouse Cedex 7, France
66;Télécom Paris - Électronique et Communications Numériques;https://www.telecom-paris.fr/ ;19 Place Marguerite Perey, 91120 Palaiseau, France
67;ESIEE Paris - École d'Ingénieurs en Informatique, Électronique et Électrotechnique;https://www.esiee.fr/ ;2 Boulevard Blaise Pascal, 93160 Noisy-le-Grand, France
68;ENSEIRB-MATMECA - Électronique, Informatique, Télécommunications;https://enseirb-matmeca.bordeaux-inp.fr/ ;1 Avenue du Dr Albert Schweitzer, 33402 Talence Cedex, France
69;Arts et Métiers ParisTech - Énergie, Électricité, Automatique;https://www.artsetmetiers.fr/ ;151 Boulevard de l'Hôpital, 75013 Paris, France
70;École Nationale des Ponts et Chaussées (ENPC);https://www.ecoledesponts.fr/ ;15 Rue de la Fontaine au Roi, 75011 Paris
71;AgroParisTech;https://www.agroparistech.fr/ ;16 Rue Claude Bernard, 75231 Paris Cedex 05
72;MINES ParisTech;https://www.mines-paristech.fr/;60 Boulevard Saint-Michel, 75006 Paris
73;École des Ponts Business School;https://pontsbschool.com/;6-8 Avenue Blaise Pascal, 77455 Marne-la-Vallée
74;Institut National de l'Environnement Industriel et des Risques (INERIS);http://www.ineris.fr/;Parc Technologique ALATA, BP 2, 60550 Verneuil-en-Halatte
75;École Nationale Supérieure de Chimie de Montpellier (ENSCM);https://www.enscm.fr/ ;8 Rue de l'École Normale, 34296 Montpellier Cedex 5
76;École Nationale Supérieure d'Architecture de Lyon (ENSAL);https://www.lyon.archi.fr/ ;3 Rue Maurice Audin, 69120 Vaulx-en-Velin
77;École Supérieure d'Ingénieurs en Électrotechnique et Électronique (ESIEE) Paris;https://www.esiee.fr/ ;2 Boulevard Blaise Pascal, Cité Descartes, 93160 Noisy-le-Grand
78;Université de Technologie de Troyes (UTT) - Département Génie de l'Environnement;https://www.utt.fr/;12 Rue Marie Curie, CS 42060, 10004 Troyes Cedex
79;Université de Strasbourg - Faculté des Sciences de la Vie (Institut d'Écologie et des Sciences de l'Environnement de Paris);https://www.unistra.fr/ ;23 Rue Becquerel, 67000 Strasbourg
80;HEC Paris - Hautes Études Commerciales;https://www.hec.edu/ ;1 Rue de la Libération, 78350 Jouy-en-Josas, France.
81;ESSEC Business School - École Supérieure des Sciences Économiques et Commerciales;https://www.essec.edu/;Avenue Bernard Hirsch, 95021 Cergy-Pontoise Cedex, France.
82;EDHEC Business School;https://www.edhec.edu/;24 Avenue Gustave Delory, 59100 Roubaix, France.
83;Audencia Business School;https://www.audencia.com/;8 Route de la Jonelière, 44312 Nantes Cedex 3, France.
84;EM Lyon Business School;https://www.em-lyon.com/;23 Avenue Guy de Collongue, 69134 Écully Cedex, France.
85;NEOMA Business School;https://www.neoma-bs.com/;1 Rue du Maréchal Juin, 76130 Mont-Saint-Aignan, France.
86;Grenoble Ecole de Management;https://www.grenoble-em.com/ ;12 Rue Pierre Sémard, 38000 Grenoble, France.
87;IAE Paris - Sorbonne Business School;https://www.iae-paris.com/;21 Rue Broca, 75005 Paris, France.
88;Toulouse Business School;https://www.tbs-education.fr/;20 Boulevard Lascrosses, 31068 Toulouse Cedex 7, France.
89;KEDGE Business School;https://kedge.edu/;Domaine de Luminy, 13009 Marseille, France.
90;Université Paris 1 Panthéon-Sorbonne;https://www.pantheonsorbonne.fr/;12 Place du Panthéon, 75005 Paris
91;Université Paris-Sorbonne;https://lettres.sorbonne-universite.fr/faculte-des-lettres/ufr/ufr-histoire-de-l-art-et-archeologie;1 Rue Victor Cousin, 75005 Paris
92;Université Lyon 3 Jean Moulin;https://www.univ-lyon3.fr/;18 Rue Chevreul, 69007 Lyon
93;Université de Strasbourg;https://www.unistra.fr/;22 Rue René Descartes, 67084 Strasbourg
94;Université Paris Nanterre;https://www.parisnanterre.fr/;200 Avenue de la République, 92001 Nanterre Cedex
95;Université Aix-Marseille;https://www.univ-amu.fr/ );3 Place Victor Hugo, 13331 Marseille Cedex 03
96;Université Toulouse 2 Jean Jaurès;https://www.univ-tlse2.fr/;5 Allées Antonio Machado, 31058 Toulouse
97;Université de Nantes;https://www.univ-nantes.fr/;Chemin de la Censive du Tertre, 44313 Nantes
98;Université de Lorraine;https://www.univ-lorraine.fr/;23 Boulevard Albert 1er, 54000 Nancy
99;Université de Bordeaux;https://www.u-bordeaux.fr/;1 Allée Daguin, 33607 Pessac Cedex
100;Institut Paul Bocuse - École de Cuisine, de Pâtisserie et d'Hôtellerie;https://www.institutlyfe.com/?gad_source=1&gclid=CjwKCAiAvoqsBhB9EiwA9XTWGcn7ssYJUN1IChUGp-uD9ZZcv5z4oapjnKHvx48VjnVGvX8Y6XfN2hoC-EsQAvD_BwE ;Château du Vivier, Ecully, 69130 Ecully, France
101;Lycée Hôtelier de Toulouse;https://hotellerie-tourisme.mon-ent-occitanie.fr/ ;20 Avenue Camille Pujol, 31500 Toulouse, France
102;FERRANDI Paris - École Supérieure de Cuisine et de Management Hôtelier;https://www.googleadservices.com/pagead/aclk?sa=L&ai=DChcSEwi_-sqC452DAxULimgJHRoxA6UYABABGgJ3Zg&ase=2&gclid=CjwKCAiAvoqsBhB9EiwA9XTWGZMA5PMNs3ZC-nMeu0CLLP_wsW1_3e-4OF5823sQQ5JtXnmzkKzffRoCOiUQAvD_BwE&ohost=www.google.com&cid=CAESVuD21xHfTTVQZQeCKYqcifnYDcQOB_X0AiCGWNsbDGEw3sGpDoW5LintyYWfRLHxSz_cR2dvF7aDo5ZMDN0rUriwW5bB1IjpLjf_p0SfW_SUwXsmfMGB&sig=AOD64_2yCbPPXcFVvYrZMA3ZBF7wx5bV6Q&q&nis=4&adurl&ved=2ahUKEwjkpL-C452DAxX3_rsIHfLmCPMQ0Qx6BAgHEAE ;28 Rue de l'Abbé Grégoire, 75006 Paris, France
103;Vatel Bordeaux - International Business School Hotel & Tourism Management;https://www.vatel.fr/fr/ecole-hoteliere-bordeaux/presentation-vatel-bordeaux?utm_source=google_business&utm_medium=bordeaux ;4 Cours du Médoc, 33300 Bordeaux, France
104;Ecole Supérieure de Tourisme (EST) Paris;https://www.googleadservices.com/pagead/aclk?sa=L&ai=DChcSEwiRscne4p2DAxUqn2gJHQAiAe4YABABGgJ3Zg&ase=2&gclid=CjwKCAiAvoqsBhB9EiwA9XTWGfb7UmPPXNw6x7cBOSPaJauePigwO5jhTtOE2RJmkshkgZtHG9buWhoCGagQAvD_BwE&ohost=www.google.com&cid=CAESVuD2pLnFbUdzM2LBvzCU_wu0PrJl11xBtVu6SKktvpShMb1KWFlqVsBYX_L6nMOTk49wLMY8rNDTwVJZHZbwvou9qUYPOGkw3yYeRTt4C6eSq-FoJkN0&sig=AOD64_3_OgLclJDC4qMbU8YEMcHg30H7_g&q&nis=4&adurl&ved=2ahUKEwjUvcDe4p2DAxUMhv0HHRQVAi4Q0Qx6BAgDEAE ;38 Quai de Jemmapes, 75010 Paris, France
105;Institut Vatel Nîmes;https://www.vatel.fr/fr/ecole-hoteliere-nimes/presentation-vatel-nimes ;140 Rue Vatel, 30900 Nîmes, France
106;Lycée Hôtelier Georges Baptiste de Canteleu;https://georgesbaptiste.fr/ ;64 Rue Pasteur, 76380 Canteleu, France
107;Lycée des Métiers de l'Hôtellerie et du Tourisme de Toulon;https://www.lyc-anne-sophie-pic.ac-nice.fr/ ;35 Avenue Stalingrad, 83000 Toulon, France
108;Lycée Hôtelier de Nice;https://www.lycee-paul-augier.com/ ;2 Avenue Cap de Croix, 06100 Nice, France
109;La Fémis;https://www.femis.fr/; 6 Rue Francoeur, 75018 Paris
110;École nationale supérieure Louis-Lumière;https://www.ens-louis-lumiere.fr/; La Cité du Cinéma, 20 Rue Ampère, 93200 Saint-Denis
111;ESRA (École Supérieure de Réalisation Audiovisuelle);https://esra.edu/; 9 Quai des Deux Emmanuels, 06300 Nice
112;ISITV (Institut Supérieur d'Ingénieurs de la Ville de Paris); https://www.studyrama.com/formations/filieres/ecoles-d-ingenieurs/linstitut-des-sciences-de-lingenieur-de-toulon-et-du-var-isitv-forme-des-ingenieurs-dans-3-specialites-26540; 19 Rue Alfred de Vigny, 75008 Paris
113;EICAR (École Internationale de Création Audiovisuelle et de Réalisation);https://www.eicar.fr/; 61 Rue du Landy, 93210 La Plaine-Saint-Denis
114;CinéCréatis;http://www.cinecreatis.net; 7 Quai Chateaubriand, 35000 Rennes
115;EMC (École des Métiers de la Communication);https://www.emc.fr/;  68 Avenue de la République, 75011 Paris
116;ECS Montpellier;https://ecole-ecs.com; 416 Rue du Mas de Verchant, 34000 Montpellier
117;EICAR Paris (École Internationale de Création Audiovisuelle et de Réalisation);https://www.eicar.fr/; 16 Rue de l'École de Médecine, 75006 Paris
118;ISTDS (Institut Supérieur des Techniques du Son); https://esra.edu/; 51 Rue de Paris, 94220 Charenton-le-Pont
119;École Polytechnique - Département d'Informatique;http://www.enseignement.polytechnique.fr/; Route de Saclay, 91128 Palaiseau Cedex, France.
120;ENSEIRB-MATMECA - Électronique, Informatique, Télécommunications;http://www.enseirb-matmeca.fr;1 Avenue du Dr Albert Schweitzer, 33402 Talence Cedex, France.
121;EPITA - École pour l'Informatique et les Techniques Avancées;https://www.epita.fr; 14-16 Rue Voltaire, 94276 Le Kremlin-Bicêtre Cedex, France.
122;INSA Lyon - Département Informatique;https://if.insa-lyon.fr/; 20 Avenue Albert Einstein, 69621 Villeurbanne Cedex, France.
123;Télécom Paris - Département Informatique;https://www.telecom-paris.fr; 19 Place Marguerite Perey, 91120 Palaiseau, France.
124;ESIEE Paris - École d'Ingénieurs en Informatique, Électronique et Électrotechnique;https://www.esiee.fr; 2 Boulevard Blaise Pascal, 93160 Noisy-le-Grand, France.
125;EPITECH - École pour l'Informatique et les Nouvelles Technologies;https://www.epitech.eu; 24 Rue Pasteur, 94270 Le Kremlin-Bicêtre, France.
126;42 Paris - École d'Informatique;https://www.42.fr; 96 Boulevard Bessières, 75017 Paris, France.
127;ENSEA - École Nationale Supérieure de l'Électronique et de ses Applications;https://www.ensea.fr; 6 Avenue du Ponceau, 95014 Cergy-Pontoise Cedex, France.
128;Supinfo - École d'Informatique;https://www.supinfo.com; 90 Rue Adolphe Coll, 31300 Toulouse, France.
129;Université Paris-Sorbonne - UFR de Littérature française et comparée;https://lettres.sorbonne-universite.fr/faculte-des-lettres/ufr/ufr-de-litterature-francaise-et-comparee; 1 Rue Victor Cousin, 75005 Paris
130;Université Paris 3 Sorbonne Nouvelle - UFR de Littérature comparée et de Linguistique;http://www.univ-paris3.fr; 13 Rue de Santeuil, 75005 Paris
131;Université Paris 7 Diderot - UFR de Littérature française et comparée;http://www.univ-paris-diderot.fr; 5 Rue Thomas Mann, 75013 Paris
132;Université Lyon 2 Lumière - Département de Lettres modernes;https://www.univ-lyon2.fr; 18 Quai Claude Bernard, 69007 Lyon
133;Université de Strasbourg - Faculté des Lettres;https://www.unistra.fr; 9 Place de l'Université, 67000 Strasbourg
134;Université Aix-Marseille - Faculté des Arts, Lettres, Langues et Sciences Humaines;https://www.univ-amu.fr; 29 Avenue Robert Schuman, 13621 Aix-en-Provence
135;Université Toulouse - Jean Jaurès - Département Lettres et Langues;https://www.univ-tlse2.fr; 5 Allées Antonio Machado, 31058 Toulouse
136;Université de Nantes - UFR Lettres et Langages;https://www.univ-nantes.fr; Chemin de la Censive du Tertre, 44000 Nantes
137;Université de Lorraine - Faculté des Lettres;https://www.univ-lorraine.fr; 23 Boulevard Albert 1er, 54000 Nancy
138;Université de Bordeaux - UFR Lettres et Sciences humaines;https://www.u-bordeaux.fr; 3 Ter Place de la Victoire, 33076 Bordeaux
139;IUT de Sceaux - Département Logistique et Transport;https://www.iut-sceaux.universite-paris-saclay.fr/; 8 Avenue de la Division Leclerc, 92330 Sceaux, France.
140;ESLI - École Supérieure de Logistique Industrielle;https://www.faq-logistique.com/Esli.htm; 33 Avenue René Cassin, 92380 Garches, France.
141;EMLV - École de Management Léonard de Vinci - Option Transport et Logistique;https://www.emlv.fr/; 12 Avenue Léonard de Vinci, 92400 Courbevoie, France.
142;IUT de Saint-Dié-des-Vosges - Département Gestion Logistique et Transport;https://iutsd.univ-lorraine.fr/; 10 Quai Sadi Carnot, 88100 Saint-Dié-des-Vosges, France.
143;ENSM - École Nationale Supérieure Maritime - Option Logistique et Transport;https://www.supmaritime.fr; 2 Rue Duguay-Trouin, 56100 Lorient, France.
144;SUPDELOG - Institut Supérieur de Logistique Industrielle; https://www.studyrama.com/; 1 Rue du Maréchal Lyautey, 54500 Vandœuvre-lès-Nancy, France.
145;ESTACA - École Supérieure des Techniques Aéronautiques et de Construction Automobile - Option Logistique et Transport;https://www.estaca.fr; 12 Rue de la Fuye, 93160 Noisy-le-Grand, France.
146;ISTELI - Institut Supérieur du Transport et de la Logistique Internationale;https://www.isteli.fr; 2 Rue de la Petite Montagne, 45100 Orléans, France.
147;IUT de Nîmes - Département Logistique;https://iut-nimes.edu.umontpellier.fr/; Rue du Dr Georges Salan, 30000 Nîmes, France.
148;IUT de Roanne - Département Gestion Logistique et Transport;https://iut-roanne.univ-st-etienne.fr/fr/index.html; 56 Cours de la République, 42300 Roanne, France.
149;Nom de l'école,Description,Site Web,Adresse;;
150;MINES ParisTech;http://www.mines-paristech.fr; 60 Boulevard Saint-Michel, 75006 Paris
151;École des Mines d'Alès;http://www.mines-ales.fr; 6 Avenue de Clavières, 30319 Alès
152;École Centrale Paris;http://www.centralesupelec.fr; Grande Voie des Vignes, 92290 Châtenay-Malabry
153;Arts et Métiers ParisTech;https://artsetmetiers.fr; 151 Boulevard de l'Hôpital, 75013 Paris
154;École Nationale Supérieure de Chimie de Montpellier (ENSCM);http://www.enscm.fr; 8 Rue de l'École Normale, 34296 Montpellier Cedex 5
155;École Nationale Supérieure de Chimie de Rennes (ENSCR);http://www.ensc-rennes.fr; 11 Allée de Beaulieu, CS 50837, 35708 Rennes
156;École Polytechnique;https://www.polytechnique.edu; Route de Saclay, 91128 Palaiseau
157;IMT Atlantique - Institut Mines-Télécom;http://www.imt-atlantique.fr; 4 Rue Alfred Kastler, 44300 Nantes
158;École Nationale Supérieure d'Arts et Métiers (ENSAM) - Campus de Cluny;http://www.ensam.eu; 6 Cours de la République, 71250 Cluny
159;École Supérieure de Physique et de Chimie Industrielles de la Ville de Paris (ESPCI Paris);http://www.espci.fr; 10 Rue Vauquelin, 75005 Paris
160;Arts et Métiers ParisTech;https://artsetmetiers.fr; 151 Boulevard de l'Hôpital, 75013 Paris, France.
161;INSA Lyon - Département de Génie Mécanique;https://www.insa-lyon.fr; 20 Avenue Albert Einstein, 69621 Villeurbanne Cedex, France.
162;ENSTA ParisTech - Département de Mécanique des Structures et Matériaux;http://www.ensta-paristech.fr; 828 Boulevard des Maréchaux, 91762 Palaiseau Cedex, France.
163;ISAE-SUPAERO - Institut Supérieur de l'Aéronautique et de l'Espace;http://www.isae-supaero.fr; 10 Avenue Edouard Belin, 31055 Toulouse Cedex 4, France.
164;ENSEIRB-MATMECA - École d'Ingénieurs en Matériaux, Génie Électrique, Automatique;http://www.enseirb-matmeca.fr; 1 Avenue du Dr Albert Schweitzer, 33402 Talence Cedex, France.
165;CentraleSupélec - Génie Mécanique;http://www.centralesupelec.fr; 3 Rue Joliot-Curie, 91192 Gif-sur-Yvette Cedex, France.
166;ESTACA - École Supérieure des Techniques Aéronautiques et de Construction Automobile - Option Mécanique;https://www.estaca.fr; 12 Rue de la Fuye, 93160 Noisy-le-Grand, France.
167;ENSEA - École Nationale Supérieure de l'Électronique et de ses Applications - Option Systèmes Mécaniques;https://www.ensea.fr; 6 Avenue du Ponceau, 95014 Cergy-Pontoise Cedex, France.
168;EPF - École d'Ingénieurs - Option Génie Mécanique et Matériaux;https://www.epf.fr; 3 bis Rue Léon Jost, 75017 Paris, France.
169;ESILV - École Supérieure d'Ingénieurs Léonard de Vinci - Département Mécanique Numérique;https://www.esilv.fr; 12 Avenue Léonard de Vinci, 92916 Paris La Défense, France.
170;Université Paris-Sud - UFR STAPS;https://www.universite-paris-saclay.fr; 62 Avenue de la Division Leclerc, 92400 Ivry-sur-Seine
171;INSEP (Institut National du Sport, de l'Expertise et de la Performance);https://www.insep.fr; 11 Avenue du Tremblay, 75012 Paris
172;Université Lyon 1 - UFR STAPS;https://ufr-staps.univ-lyon1.fr/; 27-29 Boulevard du 11 Novembre 1918, 69622 Villeurbanne
173;Université de Strasbourg - UFR STAPS;https://www.unistra.fr; 14 Rue René Descartes, 67000 Strasbourg
174;Université de Nantes - UFR STAPS;https://www.univ-nantes.fr; 25 Bis Rue Michel Ange, 44200 Nantes
175;Université Aix-Marseille - UFR STAPS;https://fss.univ-amu.fr/fr; 163 Avenue de Luminy, 13009 Marseille
176;Université de Montpellier - UFR STAPS;https://staps.edu.umontpellier.fr/; 700 Avenue du Pic Saint-Loup, 34090 Montpellier
177;Université de Lille - UFR STAPS;https://staps.univ-lille.fr; 9 Rue de l'Université, 59790 Ronchin
178;Université de Bordeaux - UFR STAPS;https://www.u-bordeaux.fr; 146 Rue Léo Saignat, 33076 Bordeaux
179;Université Toulouse III - Paul Sabatier - UFR STAPS;https://f2smh.univ-tlse3.fr/scolarite; 118 Route de Narbonne, 31062 Toulouse
180;Université Pierre et Marie Curie (UPMC) - UFR de Biologie;https://www.sorbonne-universite.fr; 4 Place Jussieu, 75005 Paris, France.
181;Aix-Marseille Université - Faculté des Sciences de Luminy - Département de Biologie;https://sciences.univ-amu.fr/fr/departements/biologie; 163 Avenue de Luminy, 13288 Marseille Cedex 09, France.
182;Université Claude Bernard Lyon 1 - UFR de Biologie; https://www.univ-lyon1.fr; 43 Boulevard du 11 Novembre 1918, 69622 Villeurbanne Cedex, France.
183;Université Paris-Sud - UFR Sciences - Département de Biologie;https://www.universite-paris-saclay.fr;  Bâtiment 360, 91405 Orsay Cedex, France.
184;Université de Strasbourg - UFR des Sciences de la Vie;https://www.unistra.fr; 4 Rue Blaise Pascal, 67081 Strasbourg Cedex, France.
185;Université de Bordeaux - UFR Sciences de la Vie et de la Terre;https://www.u-bordeaux.fr; 351 Cours de la Libération, 33405 Talence Cedex, France.
186;Université de Lille - UFR Biologie;https://sciences-technologies.univ-lille.fr/biologie; 1 Place Déliot, 59000 Lille, France.
187;Université de Nantes - UFR des Sciences et des Techniques - Département de Biologie;https://www.univ-nantes.fr; 2 Rue de la Houssinière, 44322 Nantes Cedex 3, France.
188;Université de Montpellier - UFR des Sciences;https://www.umontpellier.fr; Place Eugène Bataillon, 34095 Montpellier Cedex 5, France.
189;MINES ParisTech,MINES ParisTech est une grande école d'ingénieurs qui propose des programmes de formation et de recherche dans le domaine de l'énergie.,https://www.mines-paristech.fr,60 Boulevard Saint-Michel, 75006 Paris;;
190;École Centrale Paris,CentraleSupélec offre des programmes d'ingénierie, y compris des spécialisations dans les domaines de l'énergie et de l'environnement.,https://www.centralesupelec.fr,Grande Voie des Vignes, 92290 Châtenay-Malabry;;
191;ENSE3 (École Nationale Supérieure de l'Énergie, l'Eau et l'Environnement);https://ense3.grenoble-inp.fr; 21 Avenue des Martyrs, 38000 Grenoble
192;ICAM (Institut Catholique d'Arts et Métiers) - Campus de Lille;https://www.icam.fr/lille; 6 Rue Auber, 59000 Lille
193;INP-ENSEEIHT (Institut National Polytechnique de Toulouse - École Nationale Supérieure d'Électrotechnique, d'Électronique, d'Informatique, d'Hydraulique et des Télécommunications);https://www.enseeiht.fr; 2 Rue Charles Camichel, 31071 Toulouse
194;ENSTA Paris ;https://www.ensta-paris.fr; 32 Boulevard Victor, 75739 Paris Cedex 15
195;ENSE3 - Ecole Nationale Supérieure de l'Energie, l'Eau et l'Environnement (Grenoble INP);https://ense3.grenoble-inp.fr ;21 Avenue des Martyrs, 38000 Grenoble
196;ESIGELEC (École Supérieure d'Ingénieurs en Génie Électrique);https://www.esigelec.fr ; Avenue Galilée, 76800 Saint-Étienne-du-Rouvray
197;IFP School; https://www.ifp-school.com ;232 Avenue Napoléon Bonaparte, 92852 Rueil-Malmaison Cedex
198;Mines Saint-Étienne - École Nationale Supérieure des Mines de Saint-Étienne; https://www.mines-stetienne.fr ;158 Cours Faur
199;École Nationale Supérieure de Chimie de Montpellier (ENSCM); https://www.enscm.fr ;8 Rue de l'École Normale, 34296 Montpellier Cedex 5, France.
200;Chimie ParisTech (École Nationale Supérieure de Chimie de Paris);https://www.chimieparistech.psl.eu/  ;11 Rue Pierre et Marie Curie, 75005 Paris, France.
201;École Nationale Supérieure de Chimie de Rennes (ENSCR);https://www.ensc-rennes.fr ;11 Allée de Beaulieu, CS 50837, 35708 Rennes Cedex 7, France.
202;Institut de Chimie et des Matériaux Paris-Est (ICMPE);https://www.icmpe.cnrs.fr/  ;2-8 Rue Henri Dunant, 94320 Thiais, France.
203;ENSCL - École Nationale Supérieure de Chimie de Lille; https://www.univ-lille.fr/enscl ;Cité Scientifique - CS 90108, 59652 Villeneuve-d'Ascq Cedex, France.
204;Institut Charles Gerhardt Montpellier - UMR 5253; https://www.icgm.fr ;Place Eugène Bataillon, CC 1501, 34095 Montpellier Cedex 5, France.
205;Institut Lavoisier de Versailles (ILV);https://www.ilv.uvsq.fr/ ;45 Avenue des États-Unis, 78035 Versailles Cedex, France.
206;Institut des Sciences Moléculaires d'Orsay (ISMO);http://www.ismo.universite-paris-saclay.fr/ ;Université Paris-Sud, Bâtiment 351, 91405 Orsay Cedex, France.
207;Institut de Chimie Moléculaire de Reims (ICMR);https://www.univ-reims.fr/icmr/ ;51687 Reims Cedex 2, France.
208;Institut de Chimie de Nice (ICN); https://imredd.fr/lab/icn/ ;Parc Valrose, 06108 Nice Cedex 2, France.
209;ENS (École Normale Supérieure) - Département de Mathématiques et Applications;https://www.math.ens.fr/ ;45 Rue d'Ulm, 75005 Paris, France.
210;Université Pierre et Marie Curie (UPMC) - UFR de Mathématiques;https://www.math.upmc.fr/; 4 Place Jussieu, 75005 Paris, France.
211;Institut des Hautes Études Scientifiques (IHÉS) - Mathématiques; https://www.ihes.fr/; Le Bois-Marie, 35 Route de Chartres, 91440 Bures-sur-Yvette, France.
212;Institut Fourier - Université Grenoble Alpes - Mathématiques et Informatique; https://www-fourier.ujf-grenoble.fr/ ;100 Rue des Maths, 38402 Saint-Martin-d'Hères, France.
213;Institut Henri Poincaré (IHP) - Mathématiques; https://www.ihp.fr/ ;11 Rue Pierre et Marie Curie, 75005 Paris, France.
214;Université de Rennes 1 - UFR de Mathématiques;https://math.univ-rennes.fr/ ;263 Avenue du Général Leclerc, 35042 Rennes Cedex, France.
215;Université de Strasbourg - UFR de Mathématiques; https://www.math.unistra.fr/ ;7 Rue René Descartes, 67084 Strasbourg Cedex, France.
216;École Polytechnique - Département de Mathématiques;https://www.math.polytechnique.fr/ ;Route de Saclay, 91128 Palaiseau Cedex, France.
217;Université de Nantes - UFR de Mathématiques; https://www.math.sciences.univ-nantes.fr/ ;2 Rue de la Houssinière, 44322 Nantes Cedex 3, France.
218;Institut de Mathématiques de Jussieu - Paris Rive Gauche (IMJ-PRG);https://www.imj-prg.fr/ ;4 Place Jussieu, 75005 Paris, France.
219;ENS (École Normale Supérieure) - Département de Physique;https://www.phys.ens.fr/ ;24 Rue Lhomond, 75005 Paris, France.
220;Université Pierre et Marie Curie (UPMC) - UFR de Physique;https://sciences.sorbonne-universite.fr/faculte/ufr-instituts-observatoires-ecoles/ufr-de-physique ; 4 Place Jussieu, 75005 Paris, France.
221;École Polytechnique - Département de Physique; https://portail.polytechnique.edu/physique/fr/accueil  ;Route de Saclay, 91128 Palaiseau Cedex, France.
222;Institut d'Optique Graduate School - Laboratoire Charles Fabry; https://www.institutoptique.fr/ ;Campus Polytechnique, 2 Avenue Augustin Fresnel, 91127 Palaiseau Cedex, France.
223;Université de Strasbourg - UFR de Physique et Ingénierie; https://physique-ingenierie.unistra.fr/ ;3 Rue de l'Université, 67000 Strasbourg, France.
224;Université Paris-Sud - UFR Sciences - Département de Physique; https://www.phys.universite-paris-saclay.fr/  ;Bâtiment 430, 91405 Orsay Cedex, France.
225;ENS Lyon (École Normale Supérieure de Lyon) - Département de Physique; https://www.ens-lyon.fr/PHYSIQUE  ;46 Allée d'Italie, 69364 Lyon Cedex 07, France.
226;Université de Bordeaux - UFR Sciences et Technologies - Département de Physique;https://www.u-bordeaux.fr/ ;351 Cours de la Libération, 33405 Talence Cedex, France.
227;Université de Lille - UFR de Physique;https://sciences-technologies.univ-lille.fr/ ;1 Place Déliot, 59000 Lille, France.
228;Université Paris Diderot - UFR de Physique; https://physique.univ-paris-diderot.fr/ ;10 Rue Alice Domon et Léonie Duquet, 75013 Paris, France.
